entity_id;Код;Наименование;С учетом дочерних;Ограничения
7527236;10.13.14.700;Полуфабрикаты мясные, мясосодержащие, охлажденные, замороженные;Нет;По лоту должно предоставляться преимущество организации инвалидов. Правило: Закупка осуществляется в соответствии с 44 ФЗ. И закупка не относится к объектам ФКР (лот ФКР - lotFkrDto, процедура для соб. нужд объектов ФКР - fkrProcedureDto). И если закупка производится у единственного поставщика, то она должна осуществляться в соответствии с частью 12 статьи 93 (по пп. 4, 5 ч. 1 ст. 93), entity_id = 1000412, 1000512, соответственно. Исключение: право устанавливать преимущества для совместных закупок. 
7527237;10.13.14.710;Полуфабрикаты мясные охлажденные, замороженные;Нет;По лоту должно предоставляться преимущество организации инвалидов. Правило: Закупка осуществляется в соответствии с 44 ФЗ. И закупка не относится к объектам ФКР (лот ФКР - lotFkrDto, процедура для соб. нужд объектов ФКР - fkrProcedureDto). И если закупка производится у единственного поставщика, то она должна осуществляться в соответствии с частью 12 статьи 93 (по пп. 4, 5 ч. 1 ст. 93), entity_id = 1000412, 1000512, соответственно. Исключение: право устанавливать преимущества для совместных закупок. 
7527238;10.13.14.711;Полуфабрикаты мясные крупнокусковые охлажденные;Нет;По лоту должно предоставляться преимущество организации инвалидов. Правило: Закупка осуществляется в соответствии с 44 ФЗ. И закупка не относится к объектам ФКР (лот ФКР - lotFkrDto, процедура для соб. нужд объектов ФКР - fkrProcedureDto). И если закупка производится у единственного поставщика, то она должна осуществляться в соответствии с частью 12 статьи 93 (по пп. 4, 5 ч. 1 ст. 93), entity_id = 1000412, 1000512, соответственно. Исключение: право устанавливать преимущества для совместных закупок. 
7527239;10.13.14.712;Полуфабрикаты мясные мелкокусковые и порционные охлажденные;Нет;По лоту должно предоставляться преимущество организации инвалидов. Правило: Закупка осуществляется в соответствии с 44 ФЗ. И закупка не относится к объектам ФКР (лот ФКР - lotFkrDto, процедура для соб. нужд объектов ФКР - fkrProcedureDto). И если закупка производится у единственного поставщика, то она должна осуществляться в соответствии с частью 12 статьи 93 (по пп. 4, 5 ч. 1 ст. 93), entity_id = 1000412, 1000512, соответственно. Исключение: право устанавливать преимущества для совместных закупок. 
7527240;10.13.14.713;Полуфабрикаты мясные рубленые охлажденные;Нет;По лоту должно предоставляться преимущество организации инвалидов. Правило: Закупка осуществляется в соответствии с 44 ФЗ. И закупка не относится к объектам ФКР (лот ФКР - lotFkrDto, процедура для соб. нужд объектов ФКР - fkrProcedureDto). И если закупка производится у единственного поставщика, то она должна осуществляться в соответствии с частью 12 статьи 93 (по пп. 4, 5 ч. 1 ст. 93), entity_id = 1000412, 1000512, соответственно. Исключение: право устанавливать преимущества для совместных закупок. 
7527241;10.13.14.714;Полуфабрикаты мясные в тесте охлажденные;Нет;По лоту должно предоставляться преимущество организации инвалидов. Правило: Закупка осуществляется в соответствии с 44 ФЗ. И закупка не относится к объектам ФКР (лот ФКР - lotFkrDto, процедура для соб. нужд объектов ФКР - fkrProcedureDto). И если закупка производится у единственного поставщика, то она должна осуществляться в соответствии с частью 12 статьи 93 (по пп. 4, 5 ч. 1 ст. 93), entity_id = 1000412, 1000512, соответственно. Исключение: право устанавливать преимущества для совместных закупок. 
7527242;10.13.14.715;Полуфабрикаты мясные крупнокусковые замороженные;Нет;По лоту должно предоставляться преимущество организации инвалидов. Правило: Закупка осуществляется в соответствии с 44 ФЗ. И закупка не относится к объектам ФКР (лот ФКР - lotFkrDto, процедура для соб. нужд объектов ФКР - fkrProcedureDto). И если закупка производится у единственного поставщика, то она должна осуществляться в соответствии с частью 12 статьи 93 (по пп. 4, 5 ч. 1 ст. 93), entity_id = 1000412, 1000512, соответственно. Исключение: право устанавливать преимущества для совместных закупок. 
7527243;10.13.14.716;Полуфабрикаты мясные мелкокусковые и порционные замороженные;Нет;По лоту должно предоставляться преимущество организации инвалидов. Правило: Закупка осуществляется в соответствии с 44 ФЗ. И закупка не относится к объектам ФКР (лот ФКР - lotFkrDto, процедура для соб. нужд объектов ФКР - fkrProcedureDto). И если закупка производится у единственного поставщика, то она должна осуществляться в соответствии с частью 12 статьи 93 (по пп. 4, 5 ч. 1 ст. 93), entity_id = 1000412, 1000512, соответственно. Исключение: право устанавливать преимущества для совместных закупок. 
7527244;10.13.14.717;Полуфабрикаты мясные рубленые замороженные;Нет;По лоту должно предоставляться преимущество организации инвалидов. Правило: Закупка осуществляется в соответствии с 44 ФЗ. И закупка не относится к объектам ФКР (лот ФКР - lotFkrDto, процедура для соб. нужд объектов ФКР - fkrProcedureDto). И если закупка производится у единственного поставщика, то она должна осуществляться в соответствии с частью 12 статьи 93 (по пп. 4, 5 ч. 1 ст. 93), entity_id = 1000412, 1000512, соответственно. Исключение: право устанавливать преимущества для совместных закупок. 
7527245;10.13.14.718;Полуфабрикаты мясные в тесте замороженные;Нет;По лоту должно предоставляться преимущество организации инвалидов. Правило: Закупка осуществляется в соответствии с 44 ФЗ. И закупка не относится к объектам ФКР (лот ФКР - lotFkrDto, процедура для соб. нужд объектов ФКР - fkrProcedureDto). И если закупка производится у единственного поставщика, то она должна осуществляться в соответствии с частью 12 статьи 93 (по пп. 4, 5 ч. 1 ст. 93), entity_id = 1000412, 1000512, соответственно. Исключение: право устанавливать преимущества для совместных закупок. 
7527246;10.13.14.720;Полуфабрикаты мясосодержащие охлажденные, замороженные;Нет;По лоту должно предоставляться преимущество организации инвалидов. Правило: Закупка осуществляется в соответствии с 44 ФЗ. И закупка не относится к объектам ФКР (лот ФКР - lotFkrDto, процедура для соб. нужд объектов ФКР - fkrProcedureDto). И если закупка производится у единственного поставщика, то она должна осуществляться в соответствии с частью 12 статьи 93 (по пп. 4, 5 ч. 1 ст. 93), entity_id = 1000412, 1000512, соответственно. Исключение: право устанавливать преимущества для совместных закупок. 
7527247;10.13.14.721;Полуфабрикаты мясосодержащие крупнокусковые охлажденные;Нет;По лоту должно предоставляться преимущество организации инвалидов. Правило: Закупка осуществляется в соответствии с 44 ФЗ. И закупка не относится к объектам ФКР (лот ФКР - lotFkrDto, процедура для соб. нужд объектов ФКР - fkrProcedureDto). И если закупка производится у единственного поставщика, то она должна осуществляться в соответствии с частью 12 статьи 93 (по пп. 4, 5 ч. 1 ст. 93), entity_id = 1000412, 1000512, соответственно. Исключение: право устанавливать преимущества для совместных закупок. 
7527248;10.13.14.722;Полуфабрикаты мясосодержащие мелкокусковые и порционные охлажденные;Нет;По лоту должно предоставляться преимущество организации инвалидов. Правило: Закупка осуществляется в соответствии с 44 ФЗ. И закупка не относится к объектам ФКР (лот ФКР - lotFkrDto, процедура для соб. нужд объектов ФКР - fkrProcedureDto). И если закупка производится у единственного поставщика, то она должна осуществляться в соответствии с частью 12 статьи 93 (по пп. 4, 5 ч. 1 ст. 93), entity_id = 1000412, 1000512, соответственно. Исключение: право устанавливать преимущества для совместных закупок. 
7527249;10.13.14.723;Полуфабрикаты мясосодержащие рубленые охлажденные;Нет;По лоту должно предоставляться преимущество организации инвалидов. Правило: Закупка осуществляется в соответствии с 44 ФЗ. И закупка не относится к объектам ФКР (лот ФКР - lotFkrDto, процедура для соб. нужд объектов ФКР - fkrProcedureDto). И если закупка производится у единственного поставщика, то она должна осуществляться в соответствии с частью 12 статьи 93 (по пп. 4, 5 ч. 1 ст. 93), entity_id = 1000412, 1000512, соответственно. Исключение: право устанавливать преимущества для совместных закупок. 
7527250;10.13.14.724;Полуфабрикаты мясосодержащие в тесте охлажденные;Нет;По лоту должно предоставляться преимущество организации инвалидов. Правило: Закупка осуществляется в соответствии с 44 ФЗ. И закупка не относится к объектам ФКР (лот ФКР - lotFkrDto, процедура для соб. нужд объектов ФКР - fkrProcedureDto). И если закупка производится у единственного поставщика, то она должна осуществляться в соответствии с частью 12 статьи 93 (по пп. 4, 5 ч. 1 ст. 93), entity_id = 1000412, 1000512, соответственно. Исключение: право устанавливать преимущества для совместных закупок. 
7527251;10.13.14.725;Полуфабрикаты крупнокусковые мясосодержащие замороженные;Нет;По лоту должно предоставляться преимущество организации инвалидов. Правило: Закупка осуществляется в соответствии с 44 ФЗ. И закупка не относится к объектам ФКР (лот ФКР - lotFkrDto, процедура для соб. нужд объектов ФКР - fkrProcedureDto). И если закупка производится у единственного поставщика, то она должна осуществляться в соответствии с частью 12 статьи 93 (по пп. 4, 5 ч. 1 ст. 93), entity_id = 1000412, 1000512, соответственно. Исключение: право устанавливать преимущества для совместных закупок. 
7527252;10.13.14.726;Полуфабрикаты мясосодержащие мелкокусковые и порционные замороженные;Нет;По лоту должно предоставляться преимущество организации инвалидов. Правило: Закупка осуществляется в соответствии с 44 ФЗ. И закупка не относится к объектам ФКР (лот ФКР - lotFkrDto, процедура для соб. нужд объектов ФКР - fkrProcedureDto). И если закупка производится у единственного поставщика, то она должна осуществляться в соответствии с частью 12 статьи 93 (по пп. 4, 5 ч. 1 ст. 93), entity_id = 1000412, 1000512, соответственно. Исключение: право устанавливать преимущества для совместных закупок. 
7527253;10.13.14.727;Полуфабрикаты мясосодержащие рубленые замороженные;Нет;По лоту должно предоставляться преимущество организации инвалидов. Правило: Закупка осуществляется в соответствии с 44 ФЗ. И закупка не относится к объектам ФКР (лот ФКР - lotFkrDto, процедура для соб. нужд объектов ФКР - fkrProcedureDto). И если закупка производится у единственного поставщика, то она должна осуществляться в соответствии с частью 12 статьи 93 (по пп. 4, 5 ч. 1 ст. 93), entity_id = 1000412, 1000512, соответственно. Исключение: право устанавливать преимущества для совместных закупок. 
7527254;10.13.14.728;Полуфабрикаты мясосодержащие в тесте замороженные;Нет;По лоту должно предоставляться преимущество организации инвалидов. Правило: Закупка осуществляется в соответствии с 44 ФЗ. И закупка не относится к объектам ФКР (лот ФКР - lotFkrDto, процедура для соб. нужд объектов ФКР - fkrProcedureDto). И если закупка производится у единственного поставщика, то она должна осуществляться в соответствии с частью 12 статьи 93 (по пп. 4, 5 ч. 1 ст. 93), entity_id = 1000412, 1000512, соответственно. Исключение: право устанавливать преимущества для совместных закупок. 
7527255;10.13.14.730;Полуфабрикаты из мяса и субпродуктов птицы замороженные, охлажденные;Нет;По лоту должно предоставляться преимущество организации инвалидов. Правило: Закупка осуществляется в соответствии с 44 ФЗ. И закупка не относится к объектам ФКР (лот ФКР - lotFkrDto, процедура для соб. нужд объектов ФКР - fkrProcedureDto). И если закупка производится у единственного поставщика, то она должна осуществляться в соответствии с частью 12 статьи 93 (по пп. 4, 5 ч. 1 ст. 93), entity_id = 1000412, 1000512, соответственно. Исключение: право устанавливать преимущества для совместных закупок. 
7527256;10.13.14.731;Полуфабрикаты натуральные из мяса и субпродуктов птицы охлажденные;Нет;По лоту должно предоставляться преимущество организации инвалидов. Правило: Закупка осуществляется в соответствии с 44 ФЗ. И закупка не относится к объектам ФКР (лот ФКР - lotFkrDto, процедура для соб. нужд объектов ФКР - fkrProcedureDto). И если закупка производится у единственного поставщика, то она должна осуществляться в соответствии с частью 12 статьи 93 (по пп. 4, 5 ч. 1 ст. 93), entity_id = 1000412, 1000512, соответственно. Исключение: право устанавливать преимущества для совместных закупок. 
7527257;10.13.14.732;Полуфабрикаты рубленые из мяса и субпродуктов птицы охлажденные;Нет;По лоту должно предоставляться преимущество организации инвалидов. Правило: Закупка осуществляется в соответствии с 44 ФЗ. И закупка не относится к объектам ФКР (лот ФКР - lotFkrDto, процедура для соб. нужд объектов ФКР - fkrProcedureDto). И если закупка производится у единственного поставщика, то она должна осуществляться в соответствии с частью 12 статьи 93 (по пп. 4, 5 ч. 1 ст. 93), entity_id = 1000412, 1000512, соответственно. Исключение: право устанавливать преимущества для совместных закупок. 
7527258;10.13.14.733;Полуфабрикаты натуральные из мяса и субпродуктов птицы замороженные;Нет;По лоту должно предоставляться преимущество организации инвалидов. Правило: Закупка осуществляется в соответствии с 44 ФЗ. И закупка не относится к объектам ФКР (лот ФКР - lotFkrDto, процедура для соб. нужд объектов ФКР - fkrProcedureDto). И если закупка производится у единственного поставщика, то она должна осуществляться в соответствии с частью 12 статьи 93 (по пп. 4, 5 ч. 1 ст. 93), entity_id = 1000412, 1000512, соответственно. Исключение: право устанавливать преимущества для совместных закупок. 
7527259;10.13.14.734;Полуфабрикаты рубленые из мяса и субпродуктов птицы замороженные;Нет;По лоту должно предоставляться преимущество организации инвалидов. Правило: Закупка осуществляется в соответствии с 44 ФЗ. И закупка не относится к объектам ФКР (лот ФКР - lotFkrDto, процедура для соб. нужд объектов ФКР - fkrProcedureDto). И если закупка производится у единственного поставщика, то она должна осуществляться в соответствии с частью 12 статьи 93 (по пп. 4, 5 ч. 1 ст. 93), entity_id = 1000412, 1000512, соответственно. Исключение: право устанавливать преимущества для совместных закупок. 
14055;10.32;Продукция соковая из фруктов и овощей;Да;По лоту должно предоставляться преимущество организации инвалидов. Правило: Закупка осуществляется в соответствии с 44 ФЗ. И закупка не относится к объектам ФКР (лот ФКР - lotFkrDto, процедура для соб. нужд объектов ФКР - fkrProcedureDto). И если закупка производится у единственного поставщика, то она должна осуществляться в соответствии с частью 12 статьи 93 (по пп. 4, 5 ч. 1 ст. 93), entity_id = 1000412, 1000512, соответственно. Исключение: право устанавливать преимущества для совместных закупок. 
6470;10.39;Фрукты, овощи и грибы переработанные и консервированные, не включенные в другие группировки;Да;По лоту должно предоставляться преимущество организации инвалидов. Правило: Закупка осуществляется в соответствии с 44 ФЗ. И закупка не относится к объектам ФКР (лот ФКР - lotFkrDto, процедура для соб. нужд объектов ФКР - fkrProcedureDto). И если закупка производится у единственного поставщика, то она должна осуществляться в соответствии с частью 12 статьи 93 (по пп. 4, 5 ч. 1 ст. 93), entity_id = 1000412, 1000512, соответственно. Исключение: право устанавливать преимущества для совместных закупок. 
11333;10.71;"Изделия хлебобулочные; мучные кондитерские изделия, торты и пирожные недлительного хранения";Да;По лоту должно предоставляться преимущество организации инвалидов. Правило: Закупка осуществляется в соответствии с 44 ФЗ. И закупка не относится к объектам ФКР (лот ФКР - lotFkrDto, процедура для соб. нужд объектов ФКР - fkrProcedureDto). И если закупка производится у единственного поставщика, то она должна осуществляться в соответствии с частью 12 статьи 93 (по пп. 4, 5 ч. 1 ст. 93), entity_id = 1000412, 1000512, соответственно. Исключение: право устанавливать преимущества для совместных закупок. 
11339;10.72;"Изделия сухарные и печенье; мучные кондитерские изделия, торты и пирожные длительного хранения";Да;По лоту должно предоставляться преимущество организации инвалидов. Правило: Закупка осуществляется в соответствии с 44 ФЗ. И закупка не относится к объектам ФКР (лот ФКР - lotFkrDto, процедура для соб. нужд объектов ФКР - fkrProcedureDto). И если закупка производится у единственного поставщика, то она должна осуществляться в соответствии с частью 12 статьи 93 (по пп. 4, 5 ч. 1 ст. 93), entity_id = 1000412, 1000512, соответственно. Исключение: право устанавливать преимущества для совместных закупок. 
12668;11.07;"Напитки безалкогольные; минеральные воды и прочие питьевые воды в бутылках";Да;По лоту должно предоставляться преимущество организации инвалидов. Правило: Закупка осуществляется в соответствии с 44 ФЗ. И закупка не относится к объектам ФКР (лот ФКР - lotFkrDto, процедура для соб. нужд объектов ФКР - fkrProcedureDto). И если закупка производится у единственного поставщика, то она должна осуществляться в соответствии с частью 12 статьи 93 (по пп. 4, 5 ч. 1 ст. 93), entity_id = 1000412, 1000512, соответственно. Исключение: право устанавливать преимущества для совместных закупок. 
6644;13.92.11;Одеяла и дорожные пледы (кроме электрических одеял);Да;По лоту должно предоставляться преимущество организации инвалидов. Правило: Закупка осуществляется в соответствии с 44 ФЗ. И закупка не относится к объектам ФКР (лот ФКР - lotFkrDto, процедура для соб. нужд объектов ФКР - fkrProcedureDto). И если закупка производится у единственного поставщика, то она должна осуществляться в соответствии с частью 12 статьи 93 (по пп. 4, 5 ч. 1 ст. 93), entity_id = 1000412, 1000512, соответственно. Исключение: право устанавливать преимущества для совместных закупок. 
6645;13.92.12;Белье постельное;Да;По лоту должно предоставляться преимущество организации инвалидов. Правило: Закупка осуществляется в соответствии с 44 ФЗ. И закупка не относится к объектам ФКР (лот ФКР - lotFkrDto, процедура для соб. нужд объектов ФКР - fkrProcedureDto). И если закупка производится у единственного поставщика, то она должна осуществляться в соответствии с частью 12 статьи 93 (по пп. 4, 5 ч. 1 ст. 93), entity_id = 1000412, 1000512, соответственно. Исключение: право устанавливать преимущества для совместных закупок. 
6646;13.92.13;Белье столовое;Да;По лоту должно предоставляться преимущество организации инвалидов. Правило: Закупка осуществляется в соответствии с 44 ФЗ. И закупка не относится к объектам ФКР (лот ФКР - lotFkrDto, процедура для соб. нужд объектов ФКР - fkrProcedureDto). И если закупка производится у единственного поставщика, то она должна осуществляться в соответствии с частью 12 статьи 93 (по пп. 4, 5 ч. 1 ст. 93), entity_id = 1000412, 1000512, соответственно. Исключение: право устанавливать преимущества для совместных закупок. 
571;13.92.14.110;Белье туалетное;Нет;По лоту должно предоставляться преимущество организации инвалидов. Правило: Закупка осуществляется в соответствии с 44 ФЗ. И закупка не относится к объектам ФКР (лот ФКР - lotFkrDto, процедура для соб. нужд объектов ФКР - fkrProcedureDto). И если закупка производится у единственного поставщика, то она должна осуществляться в соответствии с частью 12 статьи 93 (по пп. 4, 5 ч. 1 ст. 93), entity_id = 1000412, 1000512, соответственно. Исключение: право устанавливать преимущества для совместных закупок. 
6648;13.92.15;"Занавеси (включая драпировочные) и шторы для интерьеров; занавеси и подзоры для кроватей";Да;По лоту должно предоставляться преимущество организации инвалидов. Правило: Закупка осуществляется в соответствии с 44 ФЗ. И закупка не относится к объектам ФКР (лот ФКР - lotFkrDto, процедура для соб. нужд объектов ФКР - fkrProcedureDto). И если закупка производится у единственного поставщика, то она должна осуществляться в соответствии с частью 12 статьи 93 (по пп. 4, 5 ч. 1 ст. 93), entity_id = 1000412, 1000512, соответственно. Исключение: право устанавливать преимущества для совместных закупок. 
576;13.92.16.110;Изделия мебельно-декоративные, не включенные в другие группировки;Да;По лоту должно предоставляться преимущество организации инвалидов. Правило: Закупка осуществляется в соответствии с 44 ФЗ. И закупка не относится к объектам ФКР (лот ФКР - lotFkrDto, процедура для соб. нужд объектов ФКР - fkrProcedureDto). И если закупка производится у единственного поставщика, то она должна осуществляться в соответствии с частью 12 статьи 93 (по пп. 4, 5 ч. 1 ст. 93), entity_id = 1000412, 1000512, соответственно. Исключение: право устанавливать преимущества для совместных закупок. 
6651;13.92.21;Мешки и пакеты, используемые для упаковки товаров;Да;По лоту должно предоставляться преимущество организации инвалидов. Правило: Закупка осуществляется в соответствии с 44 ФЗ. И закупка не относится к объектам ФКР (лот ФКР - lotFkrDto, процедура для соб. нужд объектов ФКР - fkrProcedureDto). И если закупка производится у единственного поставщика, то она должна осуществляться в соответствии с частью 12 статьи 93 (по пп. 4, 5 ч. 1 ст. 93), entity_id = 1000412, 1000512, соответственно. Исключение: право устанавливать преимущества для совместных закупок. 
2738;13.94.12.110;Сети (кроме рыболовных) и сетки плетеные из бечевок, каната или веревок;Нет;По лоту должно предоставляться преимущество организации инвалидов. Правило: Закупка осуществляется в соответствии с 44 ФЗ. И закупка не относится к объектам ФКР (лот ФКР - lotFkrDto, процедура для соб. нужд объектов ФКР - fkrProcedureDto). И если закупка производится у единственного поставщика, то она должна осуществляться в соответствии с частью 12 статьи 93 (по пп. 4, 5 ч. 1 ст. 93), entity_id = 1000412, 1000512, соответственно. Исключение: право устанавливать преимущества для совместных закупок. 
2798;13.95.10.112;Материалы нетканые из химических нитей;Нет;По лоту должно предоставляться преимущество организации инвалидов. Правило: Закупка осуществляется в соответствии с 44 ФЗ. И закупка не относится к объектам ФКР (лот ФКР - lotFkrDto, процедура для соб. нужд объектов ФКР - fkrProcedureDto). И если закупка производится у единственного поставщика, то она должна осуществляться в соответствии с частью 12 статьи 93 (по пп. 4, 5 ч. 1 ст. 93), entity_id = 1000412, 1000512, соответственно. Исключение: право устанавливать преимущества для совместных закупок. 
2513;13.99.19.120;Изделия из ваты из хлопка;Да;По лоту должно предоставляться преимущество организации инвалидов. Правило: Закупка осуществляется в соответствии с 44 ФЗ. И закупка не относится к объектам ФКР (лот ФКР - lotFkrDto, процедура для соб. нужд объектов ФКР - fkrProcedureDto). И если закупка производится у единственного поставщика, то она должна осуществляться в соответствии с частью 12 статьи 93 (по пп. 4, 5 ч. 1 ст. 93), entity_id = 1000412, 1000512, соответственно. Исключение: право устанавливать преимущества для совместных закупок. 
11243;14.12.11;Комплекты, костюмы, куртки (пиджаки) и блейзеры мужские производственные и профессиональные;Да;По лоту должно предоставляться преимущество организации инвалидов. Правило: Закупка осуществляется в соответствии с 44 ФЗ. И закупка не относится к объектам ФКР (лот ФКР - lotFkrDto, процедура для соб. нужд объектов ФКР - fkrProcedureDto). И если закупка производится у единственного поставщика, то она должна осуществляться в соответствии с частью 12 статьи 93 (по пп. 4, 5 ч. 1 ст. 93), entity_id = 1000412, 1000512, соответственно. Исключение: право устанавливать преимущества для совместных закупок. 
11246;14.12.21;Комплекты и костюмы, куртки (жакеты) и блейзеры женские производственные и профессиональные;Да;По лоту должно предоставляться преимущество организации инвалидов. Правило: Закупка осуществляется в соответствии с 44 ФЗ. И закупка не относится к объектам ФКР (лот ФКР - lotFkrDto, процедура для соб. нужд объектов ФКР - fkrProcedureDto). И если закупка производится у единственного поставщика, то она должна осуществляться в соответствии с частью 12 статьи 93 (по пп. 4, 5 ч. 1 ст. 93), entity_id = 1000412, 1000512, соответственно. Исключение: право устанавливать преимущества для совместных закупок. 
11160;14.19.13;Перчатки, рукавицы (варежки) и митенки трикотажные или вязаные;Да;По лоту должно предоставляться преимущество организации инвалидов. Правило: Закупка осуществляется в соответствии с 44 ФЗ. И закупка не относится к объектам ФКР (лот ФКР - lotFkrDto, процедура для соб. нужд объектов ФКР - fkrProcedureDto). И если закупка производится у единственного поставщика, то она должна осуществляться в соответствии с частью 12 статьи 93 (по пп. 4, 5 ч. 1 ст. 93), entity_id = 1000412, 1000512, соответственно. Исключение: право устанавливать преимущества для совместных закупок. 
5004;14.19.23.140;Перчатки из текстильных материалов, кроме трикотажных или вязаных;Нет;По лоту должно предоставляться преимущество организации инвалидов. Правило: Закупка осуществляется в соответствии с 44 ФЗ. И закупка не относится к объектам ФКР (лот ФКР - lotFkrDto, процедура для соб. нужд объектов ФКР - fkrProcedureDto). И если закупка производится у единственного поставщика, то она должна осуществляться в соответствии с частью 12 статьи 93 (по пп. 4, 5 ч. 1 ст. 93), entity_id = 1000412, 1000512, соответственно. Исключение: право устанавливать преимущества для совместных закупок. 
5066;14.19.32.120;Одежда из нетканых материалов;Нет;По лоту должно предоставляться преимущество организации инвалидов. Правило: Закупка осуществляется в соответствии с 44 ФЗ. И закупка не относится к объектам ФКР (лот ФКР - lotFkrDto, процедура для соб. нужд объектов ФКР - fkrProcedureDto). И если закупка производится у единственного поставщика, то она должна осуществляться в соответствии с частью 12 статьи 93 (по пп. 4, 5 ч. 1 ст. 93), entity_id = 1000412, 1000512, соответственно. Исключение: право устанавливать преимущества для совместных закупок. 
11526;14.31.10;Колготы, рейтузы, чулки, носки и прочие чулочно-носочные изделия трикотажные или вязаные;Да;По лоту должно предоставляться преимущество организации инвалидов. Правило: Закупка осуществляется в соответствии с 44 ФЗ. И закупка не относится к объектам ФКР (лот ФКР - lotFkrDto, процедура для соб. нужд объектов ФКР - fkrProcedureDto). И если закупка производится у единственного поставщика, то она должна осуществляться в соответствии с частью 12 статьи 93 (по пп. 4, 5 ч. 1 ст. 93), entity_id = 1000412, 1000512, соответственно. Исключение: право устанавливать преимущества для совместных закупок. 
11554;14.39.10;Джемперы, пуловеры, кардиганы, жилеты и аналогичные изделия трикотажные или вязаные;Да;По лоту должно предоставляться преимущество организации инвалидов. Правило: Закупка осуществляется в соответствии с 44 ФЗ. И закупка не относится к объектам ФКР (лот ФКР - lotFkrDto, процедура для соб. нужд объектов ФКР - fkrProcedureDto). И если закупка производится у единственного поставщика, то она должна осуществляться в соответствии с частью 12 статьи 93 (по пп. 4, 5 ч. 1 ст. 93), entity_id = 1000412, 1000512, соответственно. Исключение: право устанавливать преимущества для совместных закупок. 
14755;15.12.12;"Чемоданы, сумки дамские и аналогичные изделия из натуральной кожи, сочетаний кожи, листов пластмассы, текстильных материалов, вулканизированных волокон или картона; наборы дорожные, используемые для личной гигиены, шитья или для чистки одежды или обуви";Да;По лоту должно предоставляться преимущество организации инвалидов. Правило: Закупка осуществляется в соответствии с 44 ФЗ. И закупка не относится к объектам ФКР (лот ФКР - lotFkrDto, процедура для соб. нужд объектов ФКР - fkrProcedureDto). И если закупка производится у единственного поставщика, то она должна осуществляться в соответствии с частью 12 статьи 93 (по пп. 4, 5 ч. 1 ст. 93), entity_id = 1000412, 1000512, соответственно. Исключение: право устанавливать преимущества для совместных закупок. 
11389;16.24;Тара деревянная;Да;По лоту должно предоставляться преимущество организации инвалидов. Правило: Закупка осуществляется в соответствии с 44 ФЗ. И закупка не относится к объектам ФКР (лот ФКР - lotFkrDto, процедура для соб. нужд объектов ФКР - fkrProcedureDto). И если закупка производится у единственного поставщика, то она должна осуществляться в соответствии с частью 12 статьи 93 (по пп. 4, 5 ч. 1 ст. 93), entity_id = 1000412, 1000512, соответственно. Исключение: право устанавливать преимущества для совместных закупок. 
11444;16.29.11;Инструменты, корпуса и рукоятки инструментов, рукоятки и части щеток и метел, блоки для изготовления курительных трубок, сапожные колодки и растяжки для обуви, деревянные;Да;По лоту должно предоставляться преимущество организации инвалидов. Правило: Закупка осуществляется в соответствии с 44 ФЗ. И закупка не относится к объектам ФКР (лот ФКР - lotFkrDto, процедура для соб. нужд объектов ФКР - fkrProcedureDto). И если закупка производится у единственного поставщика, то она должна осуществляться в соответствии с частью 12 статьи 93 (по пп. 4, 5 ч. 1 ст. 93), entity_id = 1000412, 1000512, соответственно. Исключение: право устанавливать преимущества для совместных закупок. 
11445;16.29.12;Принадлежности столовые и кухонные деревянные;Да;По лоту должно предоставляться преимущество организации инвалидов. Правило: Закупка осуществляется в соответствии с 44 ФЗ. И закупка не относится к объектам ФКР (лот ФКР - lotFkrDto, процедура для соб. нужд объектов ФКР - fkrProcedureDto). И если закупка производится у единственного поставщика, то она должна осуществляться в соответствии с частью 12 статьи 93 (по пп. 4, 5 ч. 1 ст. 93), entity_id = 1000412, 1000512, соответственно. Исключение: право устанавливать преимущества для совместных закупок. 
11446;16.29.13;Изделия деревянные мозаичные и инкрустированные, футляры для ювелирных или ножевых изделий и аналогичные изделия из дерева, статуэтки и изделия декоративные из дерева прочие;Да;По лоту должно предоставляться преимущество организации инвалидов. Правило: Закупка осуществляется в соответствии с 44 ФЗ. И закупка не относится к объектам ФКР (лот ФКР - lotFkrDto, процедура для соб. нужд объектов ФКР - fkrProcedureDto). И если закупка производится у единственного поставщика, то она должна осуществляться в соответствии с частью 12 статьи 93 (по пп. 4, 5 ч. 1 ст. 93), entity_id = 1000412, 1000512, соответственно. Исключение: право устанавливать преимущества для совместных закупок. 
12109;16.29.14.110;Рамы деревянные для картин, фотографий, зеркал или аналогичных предметов из дерева;Нет;По лоту должно предоставляться преимущество организации инвалидов. Правило: Закупка осуществляется в соответствии с 44 ФЗ. И закупка не относится к объектам ФКР (лот ФКР - lotFkrDto, процедура для соб. нужд объектов ФКР - fkrProcedureDto). И если закупка производится у единственного поставщика, то она должна осуществляться в соответствии с частью 12 статьи 93 (по пп. 4, 5 ч. 1 ст. 93), entity_id = 1000412, 1000512, соответственно. Исключение: право устанавливать преимущества для совместных закупок. 
14549;16.29.14.192;Гранулы топливные (пеллеты) из отходов деревопереработки;Нет;По лоту должно предоставляться преимущество организации инвалидов. Правило: Закупка осуществляется в соответствии с 44 ФЗ. И закупка не относится к объектам ФКР (лот ФКР - lotFkrDto, процедура для соб. нужд объектов ФКР - fkrProcedureDto). И если закупка производится у единственного поставщика, то она должна осуществляться в соответствии с частью 12 статьи 93 (по пп. 4, 5 ч. 1 ст. 93), entity_id = 1000412, 1000512, соответственно. Исключение: право устанавливать преимущества для совместных закупок. 
12112;16.29.14.193;Брикеты топливные из отходов деревопереработки;Нет;По лоту должно предоставляться преимущество организации инвалидов. Правило: Закупка осуществляется в соответствии с 44 ФЗ. И закупка не относится к объектам ФКР (лот ФКР - lotFkrDto, процедура для соб. нужд объектов ФКР - fkrProcedureDto). И если закупка производится у единственного поставщика, то она должна осуществляться в соответствии с частью 12 статьи 93 (по пп. 4, 5 ч. 1 ст. 93), entity_id = 1000412, 1000512, соответственно. Исключение: право устанавливать преимущества для совместных закупок. 
11573;17.21.1;Бумага и картон гофрированные и тара бумажная и картонная;Да;По лоту должно предоставляться преимущество организации инвалидов. Правило: Закупка осуществляется в соответствии с 44 ФЗ. И закупка не относится к объектам ФКР (лот ФКР - lotFkrDto, процедура для соб. нужд объектов ФКР - fkrProcedureDto). И если закупка производится у единственного поставщика, то она должна осуществляться в соответствии с частью 12 статьи 93 (по пп. 4, 5 ч. 1 ст. 93), entity_id = 1000412, 1000512, соответственно. Исключение: право устанавливать преимущества для совместных закупок. 
11581;17.22;Изделия хозяйственные и санитарно-гигиенические и туалетные принадлежности;Да;По лоту должно предоставляться преимущество организации инвалидов. Правило: Закупка осуществляется в соответствии с 44 ФЗ. И закупка не относится к объектам ФКР (лот ФКР - lotFkrDto, процедура для соб. нужд объектов ФКР - fkrProcedureDto). И если закупка производится у единственного поставщика, то она должна осуществляться в соответствии с частью 12 статьи 93 (по пп. 4, 5 ч. 1 ст. 93), entity_id = 1000412, 1000512, соответственно. Исключение: право устанавливать преимущества для совместных закупок. 
7176;17.23.11.110;Бумага копировальная;Нет;По лоту должно предоставляться преимущество организации инвалидов. Правило: Закупка осуществляется в соответствии с 44 ФЗ. И закупка не относится к объектам ФКР (лот ФКР - lotFkrDto, процедура для соб. нужд объектов ФКР - fkrProcedureDto). И если закупка производится у единственного поставщика, то она должна осуществляться в соответствии с частью 12 статьи 93 (по пп. 4, 5 ч. 1 ст. 93), entity_id = 1000412, 1000512, соответственно. Исключение: право устанавливать преимущества для совместных закупок. 
7177;17.23.11.120;Бумага самокопировальная;Нет;По лоту должно предоставляться преимущество организации инвалидов. Правило: Закупка осуществляется в соответствии с 44 ФЗ. И закупка не относится к объектам ФКР (лот ФКР - lotFkrDto, процедура для соб. нужд объектов ФКР - fkrProcedureDto). И если закупка производится у единственного поставщика, то она должна осуществляться в соответствии с частью 12 статьи 93 (по пп. 4, 5 ч. 1 ст. 93), entity_id = 1000412, 1000512, соответственно. Исключение: право устанавливать преимущества для совместных закупок. 
7223;17.23.11.130;Бумага копировальная или переводная прочая;Нет;По лоту должно предоставляться преимущество организации инвалидов. Правило: Закупка осуществляется в соответствии с 44 ФЗ. И закупка не относится к объектам ФКР (лот ФКР - lotFkrDto, процедура для соб. нужд объектов ФКР - fkrProcedureDto). И если закупка производится у единственного поставщика, то она должна осуществляться в соответствии с частью 12 статьи 93 (по пп. 4, 5 ч. 1 ст. 93), entity_id = 1000412, 1000512, соответственно. Исключение: право устанавливать преимущества для совместных закупок. 
7224;17.23.11.140;Трафареты для копировальных аппаратов и формы офсетные (пластины) из бумаги;Нет;По лоту должно предоставляться преимущество организации инвалидов. Правило: Закупка осуществляется в соответствии с 44 ФЗ. И закупка не относится к объектам ФКР (лот ФКР - lotFkrDto, процедура для соб. нужд объектов ФКР - fkrProcedureDto). И если закупка производится у единственного поставщика, то она должна осуществляться в соответствии с частью 12 статьи 93 (по пп. 4, 5 ч. 1 ст. 93), entity_id = 1000412, 1000512, соответственно. Исключение: право устанавливать преимущества для совместных закупок. 
7226;17.23.12.110;Конверты, письма-секретки;Нет;По лоту должно предоставляться преимущество организации инвалидов. Правило: Закупка осуществляется в соответствии с 44 ФЗ. И закупка не относится к объектам ФКР (лот ФКР - lotFkrDto, процедура для соб. нужд объектов ФКР - fkrProcedureDto). И если закупка производится у единственного поставщика, то она должна осуществляться в соответствии с частью 12 статьи 93 (по пп. 4, 5 ч. 1 ст. 93), entity_id = 1000412, 1000512, соответственно. Исключение: право устанавливать преимущества для совместных закупок. 
7229;17.23.13.110;Журналы регистрационные из бумаги или картона;Нет;По лоту должно предоставляться преимущество организации инвалидов. Правило: Закупка осуществляется в соответствии с 44 ФЗ. И закупка не относится к объектам ФКР (лот ФКР - lotFkrDto, процедура для соб. нужд объектов ФКР - fkrProcedureDto). И если закупка производится у единственного поставщика, то она должна осуществляться в соответствии с частью 12 статьи 93 (по пп. 4, 5 ч. 1 ст. 93), entity_id = 1000412, 1000512, соответственно. Исключение: право устанавливать преимущества для совместных закупок. 
7230;17.23.13.120;Книги бухгалтерские из бумаги или картона;Нет;По лоту должно предоставляться преимущество организации инвалидов. Правило: Закупка осуществляется в соответствии с 44 ФЗ. И закупка не относится к объектам ФКР (лот ФКР - lotFkrDto, процедура для соб. нужд объектов ФКР - fkrProcedureDto). И если закупка производится у единственного поставщика, то она должна осуществляться в соответствии с частью 12 статьи 93 (по пп. 4, 5 ч. 1 ст. 93), entity_id = 1000412, 1000512, соответственно. Исключение: право устанавливать преимущества для совместных закупок. 
7231;17.23.13.130;Скоросшиватели (папки) из бумаги или картона;Нет;По лоту должно предоставляться преимущество организации инвалидов. Правило: Закупка осуществляется в соответствии с 44 ФЗ. И закупка не относится к объектам ФКР (лот ФКР - lotFkrDto, процедура для соб. нужд объектов ФКР - fkrProcedureDto). И если закупка производится у единственного поставщика, то она должна осуществляться в соответствии с частью 12 статьи 93 (по пп. 4, 5 ч. 1 ст. 93), entity_id = 1000412, 1000512, соответственно. Исключение: право устанавливать преимущества для совместных закупок. 
7232;17.23.13.140;Бланки из бумаги или картона;Да;По лоту должно предоставляться преимущество организации инвалидов. Правило: Закупка осуществляется в соответствии с 44 ФЗ. И закупка не относится к объектам ФКР (лот ФКР - lotFkrDto, процедура для соб. нужд объектов ФКР - fkrProcedureDto). И если закупка производится у единственного поставщика, то она должна осуществляться в соответствии с частью 12 статьи 93 (по пп. 4, 5 ч. 1 ст. 93), entity_id = 1000412, 1000512, соответственно. Исключение: право устанавливать преимущества для совместных закупок. 
7288;17.23.13.195;Тетради общие;Нет;По лоту должно предоставляться преимущество организации инвалидов. Правило: Закупка осуществляется в соответствии с 44 ФЗ. И закупка не относится к объектам ФКР (лот ФКР - lotFkrDto, процедура для соб. нужд объектов ФКР - fkrProcedureDto). И если закупка производится у единственного поставщика, то она должна осуществляться в соответствии с частью 12 статьи 93 (по пп. 4, 5 ч. 1 ст. 93), entity_id = 1000412, 1000512, соответственно. Исключение: право устанавливать преимущества для совместных закупок. 
11539;17.29.11;Ярлыки и этикетки из бумаги или картона;Да;По лоту должно предоставляться преимущество организации инвалидов. Правило: Закупка осуществляется в соответствии с 44 ФЗ. И закупка не относится к объектам ФКР (лот ФКР - lotFkrDto, процедура для соб. нужд объектов ФКР - fkrProcedureDto). И если закупка производится у единственного поставщика, то она должна осуществляться в соответствии с частью 12 статьи 93 (по пп. 4, 5 ч. 1 ст. 93), entity_id = 1000412, 1000512, соответственно. Исключение: право устанавливать преимущества для совместных закупок. 
11540;17.29.12;Блоки, плиты и пластины фильтровальные из бумажной массы;Да;По лоту должно предоставляться преимущество организации инвалидов. Правило: Закупка осуществляется в соответствии с 44 ФЗ. И закупка не относится к объектам ФКР (лот ФКР - lotFkrDto, процедура для соб. нужд объектов ФКР - fkrProcedureDto). И если закупка производится у единственного поставщика, то она должна осуществляться в соответствии с частью 12 статьи 93 (по пп. 4, 5 ч. 1 ст. 93), entity_id = 1000412, 1000512, соответственно. Исключение: право устанавливать преимущества для совместных закупок. 
7599;17.29.19.110;Бумага папиросная;Нет;По лоту должно предоставляться преимущество организации инвалидов. Правило: Закупка осуществляется в соответствии с 44 ФЗ. И закупка не относится к объектам ФКР (лот ФКР - lotFkrDto, процедура для соб. нужд объектов ФКР - fkrProcedureDto). И если закупка производится у единственного поставщика, то она должна осуществляться в соответствии с частью 12 статьи 93 (по пп. 4, 5 ч. 1 ст. 93), entity_id = 1000412, 1000512, соответственно. Исключение: право устанавливать преимущества для совместных закупок. 
7600;17.29.19.120;Бобины, катушки, шпули и аналогичные держатели из бумаги и картона;Нет;По лоту должно предоставляться преимущество организации инвалидов. Правило: Закупка осуществляется в соответствии с 44 ФЗ. И закупка не относится к объектам ФКР (лот ФКР - lotFkrDto, процедура для соб. нужд объектов ФКР - fkrProcedureDto). И если закупка производится у единственного поставщика, то она должна осуществляться в соответствии с частью 12 статьи 93 (по пп. 4, 5 ч. 1 ст. 93), entity_id = 1000412, 1000512, соответственно. Исключение: право устанавливать преимущества для совместных закупок. 
7601;17.29.19.130;Бумага и картон фильтровальные;Нет;По лоту должно предоставляться преимущество организации инвалидов. Правило: Закупка осуществляется в соответствии с 44 ФЗ. И закупка не относится к объектам ФКР (лот ФКР - lotFkrDto, процедура для соб. нужд объектов ФКР - fkrProcedureDto). И если закупка производится у единственного поставщика, то она должна осуществляться в соответствии с частью 12 статьи 93 (по пп. 4, 5 ч. 1 ст. 93), entity_id = 1000412, 1000512, соответственно. Исключение: право устанавливать преимущества для совместных закупок. 
7602;17.29.19.140;Упаковка печатная из бумаги и картона;Нет;По лоту должно предоставляться преимущество организации инвалидов. Правило: Закупка осуществляется в соответствии с 44 ФЗ. И закупка не относится к объектам ФКР (лот ФКР - lotFkrDto, процедура для соб. нужд объектов ФКР - fkrProcedureDto). И если закупка производится у единственного поставщика, то она должна осуществляться в соответствии с частью 12 статьи 93 (по пп. 4, 5 ч. 1 ст. 93), entity_id = 1000412, 1000512, соответственно. Исключение: право устанавливать преимущества для совместных закупок. 
7603;17.29.19.150;Фибра;Нет;По лоту должно предоставляться преимущество организации инвалидов. Правило: Закупка осуществляется в соответствии с 44 ФЗ. И закупка не относится к объектам ФКР (лот ФКР - lotFkrDto, процедура для соб. нужд объектов ФКР - fkrProcedureDto). И если закупка производится у единственного поставщика, то она должна осуществляться в соответствии с частью 12 статьи 93 (по пп. 4, 5 ч. 1 ст. 93), entity_id = 1000412, 1000512, соответственно. Исключение: право устанавливать преимущества для совместных закупок. 
11546;18.11;Услуги по печатанию газет;Да;По лоту должно предоставляться преимущество организации инвалидов. Правило: Закупка осуществляется в соответствии с 44 ФЗ. И закупка не относится к объектам ФКР (лот ФКР - lotFkrDto, процедура для соб. нужд объектов ФКР - fkrProcedureDto). И если закупка производится у единственного поставщика, то она должна осуществляться в соответствии с частью 12 статьи 93 (по пп. 4, 5 ч. 1 ст. 93), entity_id = 1000412, 1000512, соответственно. Исключение: право устанавливать преимущества для совместных закупок. 
11549;18.12;Услуги печатные прочие;Да;По лоту должно предоставляться преимущество организации инвалидов. Правило: Закупка осуществляется в соответствии с 44 ФЗ. И закупка не относится к объектам ФКР (лот ФКР - lotFkrDto, процедура для соб. нужд объектов ФКР - fkrProcedureDto). И если закупка производится у единственного поставщика, то она должна осуществляться в соответствии с частью 12 статьи 93 (по пп. 4, 5 ч. 1 ст. 93), entity_id = 1000412, 1000512, соответственно. Исключение: право устанавливать преимущества для совместных закупок. 
11605;18.13.1;Услуги по подготовке к печати;Да;По лоту должно предоставляться преимущество организации инвалидов. Правило: Закупка осуществляется в соответствии с 44 ФЗ. И закупка не относится к объектам ФКР (лот ФКР - lotFkrDto, процедура для соб. нужд объектов ФКР - fkrProcedureDto). И если закупка производится у единственного поставщика, то она должна осуществляться в соответствии с частью 12 статьи 93 (по пп. 4, 5 ч. 1 ст. 93), entity_id = 1000412, 1000512, соответственно. Исключение: право устанавливать преимущества для совместных закупок. 
7664;18.13.20.110;Пластины, используемые для печати;Нет;По лоту должно предоставляться преимущество организации инвалидов. Правило: Закупка осуществляется в соответствии с 44 ФЗ. И закупка не относится к объектам ФКР (лот ФКР - lotFkrDto, процедура для соб. нужд объектов ФКР - fkrProcedureDto). И если закупка производится у единственного поставщика, то она должна осуществляться в соответствии с частью 12 статьи 93 (по пп. 4, 5 ч. 1 ст. 93), entity_id = 1000412, 1000512, соответственно. Исключение: право устанавливать преимущества для совместных закупок. 
7665;18.13.20.120;Цилиндры, используемые для печати;Нет;По лоту должно предоставляться преимущество организации инвалидов. Правило: Закупка осуществляется в соответствии с 44 ФЗ. И закупка не относится к объектам ФКР (лот ФКР - lotFkrDto, процедура для соб. нужд объектов ФКР - fkrProcedureDto). И если закупка производится у единственного поставщика, то она должна осуществляться в соответствии с частью 12 статьи 93 (по пп. 4, 5 ч. 1 ст. 93), entity_id = 1000412, 1000512, соответственно. Исключение: право устанавливать преимущества для совместных закупок. 
11608;18.13.3;Услуги дополнительные, связанные с печатанием;Да;По лоту должно предоставляться преимущество организации инвалидов. Правило: Закупка осуществляется в соответствии с 44 ФЗ. И закупка не относится к объектам ФКР (лот ФКР - lotFkrDto, процедура для соб. нужд объектов ФКР - fkrProcedureDto). И если закупка производится у единственного поставщика, то она должна осуществляться в соответствии с частью 12 статьи 93 (по пп. 4, 5 ч. 1 ст. 93), entity_id = 1000412, 1000512, соответственно. Исключение: право устанавливать преимущества для совместных закупок. 
11609;18.14;Услуги переплетные и связанные с переплетом и отделкой книг и аналогичных изделий;Да;По лоту должно предоставляться преимущество организации инвалидов. Правило: Закупка осуществляется в соответствии с 44 ФЗ. И закупка не относится к объектам ФКР (лот ФКР - lotFkrDto, процедура для соб. нужд объектов ФКР - fkrProcedureDto). И если закупка производится у единственного поставщика, то она должна осуществляться в соответствии с частью 12 статьи 93 (по пп. 4, 5 ч. 1 ст. 93), entity_id = 1000412, 1000512, соответственно. Исключение: право устанавливать преимущества для совместных закупок. 
6988;21.20.24.150;Изделия медицинские ватно-марлевые;Нет;По лоту должно предоставляться преимущество организации инвалидов. Правило: Закупка осуществляется в соответствии с 44 ФЗ. И закупка не относится к объектам ФКР (лот ФКР - lotFkrDto, процедура для соб. нужд объектов ФКР - fkrProcedureDto). И если закупка производится у единственного поставщика, то она должна осуществляться в соответствии с частью 12 статьи 93 (по пп. 4, 5 ч. 1 ст. 93), entity_id = 1000412, 1000512, соответственно. Исключение: право устанавливать преимущества для совместных закупок. 
7055;22.19.20.112;Изделия из резиновых смесей;Нет;По лоту должно предоставляться преимущество организации инвалидов. Правило: Закупка осуществляется в соответствии с 44 ФЗ. И закупка не относится к объектам ФКР (лот ФКР - lotFkrDto, процедура для соб. нужд объектов ФКР - fkrProcedureDto). И если закупка производится у единственного поставщика, то она должна осуществляться в соответствии с частью 12 статьи 93 (по пп. 4, 5 ч. 1 ст. 93), entity_id = 1000412, 1000512, соответственно. Исключение: право устанавливать преимущества для совместных закупок. 
11898;22.21.4;Плиты, листы, пленка и полосы (ленты) прочие пластмассовые;Да;По лоту должно предоставляться преимущество организации инвалидов. Правило: Закупка осуществляется в соответствии с 44 ФЗ. И закупка не относится к объектам ФКР (лот ФКР - lotFkrDto, процедура для соб. нужд объектов ФКР - fkrProcedureDto). И если закупка производится у единственного поставщика, то она должна осуществляться в соответствии с частью 12 статьи 93 (по пп. 4, 5 ч. 1 ст. 93), entity_id = 1000412, 1000512, соответственно. Исключение: право устанавливать преимущества для совместных закупок. 
11904;22.22.1;Изделия пластмассовые упаковочные;Да;По лоту должно предоставляться преимущество организации инвалидов. Правило: Закупка осуществляется в соответствии с 44 ФЗ. И закупка не относится к объектам ФКР (лот ФКР - lotFkrDto, процедура для соб. нужд объектов ФКР - fkrProcedureDto). И если закупка производится у единственного поставщика, то она должна осуществляться в соответствии с частью 12 статьи 93 (по пп. 4, 5 ч. 1 ст. 93), entity_id = 1000412, 1000512, соответственно. Исключение: право устанавливать преимущества для совместных закупок. 
11966;22.23.19;Изделия пластмассовые строительные, не включенные в другие группировки;Да;По лоту должно предоставляться преимущество организации инвалидов. Правило: Закупка осуществляется в соответствии с 44 ФЗ. И закупка не относится к объектам ФКР (лот ФКР - lotFkrDto, процедура для соб. нужд объектов ФКР - fkrProcedureDto). И если закупка производится у единственного поставщика, то она должна осуществляться в соответствии с частью 12 статьи 93 (по пп. 4, 5 ч. 1 ст. 93), entity_id = 1000412, 1000512, соответственно. Исключение: право устанавливать преимущества для совместных закупок. 
13317;22.29.26;"Фурнитура для мебели, транспортных средств и аналогичные пластмассовые изделия; статуэтки и прочие декоративные изделия пластмассовые";Да;По лоту должно предоставляться преимущество организации инвалидов. Правило: Закупка осуществляется в соответствии с 44 ФЗ. И закупка не относится к объектам ФКР (лот ФКР - lotFkrDto, процедура для соб. нужд объектов ФКР - fkrProcedureDto). И если закупка производится у единственного поставщика, то она должна осуществляться в соответствии с частью 12 статьи 93 (по пп. 4, 5 ч. 1 ст. 93), entity_id = 1000412, 1000512, соответственно. Исключение: право устанавливать преимущества для совместных закупок. 
13318;22.29.29;Изделия пластмассовые прочие;Да;По лоту должно предоставляться преимущество организации инвалидов. Правило: Закупка осуществляется в соответствии с 44 ФЗ. И закупка не относится к объектам ФКР (лот ФКР - lotFkrDto, процедура для соб. нужд объектов ФКР - fkrProcedureDto). И если закупка производится у единственного поставщика, то она должна осуществляться в соответствии с частью 12 статьи 93 (по пп. 4, 5 ч. 1 ст. 93), entity_id = 1000412, 1000512, соответственно. Исключение: право устанавливать преимущества для совместных закупок. 
9102;23.6;Изделия из бетона, цемента и гипса;Да;По лоту должно предоставляться преимущество организации инвалидов. Правило: Закупка осуществляется в соответствии с 44 ФЗ. И закупка не относится к объектам ФКР (лот ФКР - lotFkrDto, процедура для соб. нужд объектов ФКР - fkrProcedureDto). И если закупка производится у единственного поставщика, то она должна осуществляться в соответствии с частью 12 статьи 93 (по пп. 4, 5 ч. 1 ст. 93), entity_id = 1000412, 1000512, соответственно. Исключение: право устанавливать преимущества для совместных закупок. 
6387;25.29;Резервуары, цистерны и аналогичные емкости из металлов прочие;Да;По лоту должно предоставляться преимущество организации инвалидов. Правило: Закупка осуществляется в соответствии с 44 ФЗ. И закупка не относится к объектам ФКР (лот ФКР - lotFkrDto, процедура для соб. нужд объектов ФКР - fkrProcedureDto). И если закупка производится у единственного поставщика, то она должна осуществляться в соответствии с частью 12 статьи 93 (по пп. 4, 5 ч. 1 ст. 93), entity_id = 1000412, 1000512, соответственно. Исключение: право устанавливать преимущества для совместных закупок. 
7559;25.61;Услуги по обработке металлов и нанесению покрытий на них;Да;По лоту должно предоставляться преимущество организации инвалидов. Правило: Закупка осуществляется в соответствии с 44 ФЗ. И закупка не относится к объектам ФКР (лот ФКР - lotFkrDto, процедура для соб. нужд объектов ФКР - fkrProcedureDto). И если закупка производится у единственного поставщика, то она должна осуществляться в соответствии с частью 12 статьи 93 (по пп. 4, 5 ч. 1 ст. 93), entity_id = 1000412, 1000512, соответственно. Исключение: право устанавливать преимущества для совместных закупок. 
7614;25.62.2;Услуги по обработке металлических изделий с использованием прочих основных технологических процессов машиностроения;Да;По лоту должно предоставляться преимущество организации инвалидов. Правило: Закупка осуществляется в соответствии с 44 ФЗ. И закупка не относится к объектам ФКР (лот ФКР - lotFkrDto, процедура для соб. нужд объектов ФКР - fkrProcedureDto). И если закупка производится у единственного поставщика, то она должна осуществляться в соответствии с частью 12 статьи 93 (по пп. 4, 5 ч. 1 ст. 93), entity_id = 1000412, 1000512, соответственно. Исключение: право устанавливать преимущества для совместных закупок. 
9329;25.93.14;Гвозди, кнопки, кнопки чертежные, скобы и аналогичные изделия;Да;По лоту должно предоставляться преимущество организации инвалидов. Правило: Закупка осуществляется в соответствии с 44 ФЗ. И закупка не относится к объектам ФКР (лот ФКР - lotFkrDto, процедура для соб. нужд объектов ФКР - fkrProcedureDto). И если закупка производится у единственного поставщика, то она должна осуществляться в соответствии с частью 12 статьи 93 (по пп. 4, 5 ч. 1 ст. 93), entity_id = 1000412, 1000512, соответственно. Исключение: право устанавливать преимущества для совместных закупок. 
9384;25.94.1;Изделия крепежные и винты крепежные;Да;По лоту должно предоставляться преимущество организации инвалидов. Правило: Закупка осуществляется в соответствии с 44 ФЗ. И закупка не относится к объектам ФКР (лот ФКР - lotFkrDto, процедура для соб. нужд объектов ФКР - fkrProcedureDto). И если закупка производится у единственного поставщика, то она должна осуществляться в соответствии с частью 12 статьи 93 (по пп. 4, 5 ч. 1 ст. 93), entity_id = 1000412, 1000512, соответственно. Исключение: право устанавливать преимущества для совместных закупок. 
13391;25.99.2;Изделия металлические прочие;Да;По лоту должно предоставляться преимущество организации инвалидов. Правило: Закупка осуществляется в соответствии с 44 ФЗ. И закупка не относится к объектам ФКР (лот ФКР - lotFkrDto, процедура для соб. нужд объектов ФКР - fkrProcedureDto). И если закупка производится у единственного поставщика, то она должна осуществляться в соответствии с частью 12 статьи 93 (по пп. 4, 5 ч. 1 ст. 93), entity_id = 1000412, 1000512, соответственно. Исключение: право устанавливать преимущества для совместных закупок. 
8891;27.12.2;Устройства коммутации или защиты электрических цепей на напряжение не более 1 кВ;Да;По лоту должно предоставляться преимущество организации инвалидов. Правило: Закупка осуществляется в соответствии с 44 ФЗ. И закупка не относится к объектам ФКР (лот ФКР - lotFkrDto, процедура для соб. нужд объектов ФКР - fkrProcedureDto). И если закупка производится у единственного поставщика, то она должна осуществляться в соответствии с частью 12 статьи 93 (по пп. 4, 5 ч. 1 ст. 93), entity_id = 1000412, 1000512, соответственно. Исключение: право устанавливать преимущества для совместных закупок. 
9106;27.12.3;Комплекты электрической аппаратуры коммутации или защиты;Да;По лоту должно предоставляться преимущество организации инвалидов. Правило: Закупка осуществляется в соответствии с 44 ФЗ. И закупка не относится к объектам ФКР (лот ФКР - lotFkrDto, процедура для соб. нужд объектов ФКР - fkrProcedureDto). И если закупка производится у единственного поставщика, то она должна осуществляться в соответствии с частью 12 статьи 93 (по пп. 4, 5 ч. 1 ст. 93), entity_id = 1000412, 1000512, соответственно. Исключение: право устанавливать преимущества для совместных закупок. 
9868;27.40.2;Светильники и осветительные устройства;Да;По лоту должно предоставляться преимущество организации инвалидов. Правило: Закупка осуществляется в соответствии с 44 ФЗ. И закупка не относится к объектам ФКР (лот ФКР - lotFkrDto, процедура для соб. нужд объектов ФКР - fkrProcedureDto). И если закупка производится у единственного поставщика, то она должна осуществляться в соответствии с частью 12 статьи 93 (по пп. 4, 5 ч. 1 ст. 93), entity_id = 1000412, 1000512, соответственно. Исключение: право устанавливать преимущества для совместных закупок. 
9925;27.40.4;Части ламп и осветительного оборудования;Да;По лоту должно предоставляться преимущество организации инвалидов. Правило: Закупка осуществляется в соответствии с 44 ФЗ. И закупка не относится к объектам ФКР (лот ФКР - lotFkrDto, процедура для соб. нужд объектов ФКР - fkrProcedureDto). И если закупка производится у единственного поставщика, то она должна осуществляться в соответствии с частью 12 статьи 93 (по пп. 4, 5 ч. 1 ст. 93), entity_id = 1000412, 1000512, соответственно. Исключение: право устанавливать преимущества для совместных закупок. 
10042;27.51.9;Услуги по производству бытовых электрических приборов отдельные, выполняемые субподрядчиком;Да;По лоту должно предоставляться преимущество организации инвалидов. Правило: Закупка осуществляется в соответствии с 44 ФЗ. И закупка не относится к объектам ФКР (лот ФКР - lotFkrDto, процедура для соб. нужд объектов ФКР - fkrProcedureDto). И если закупка производится у единственного поставщика, то она должна осуществляться в соответствии с частью 12 статьи 93 (по пп. 4, 5 ч. 1 ст. 93), entity_id = 1000412, 1000512, соответственно. Исключение: право устанавливать преимущества для совместных закупок. 
10044;27.52;Приборы бытовые неэлектрические;Да;По лоту должно предоставляться преимущество организации инвалидов. Правило: Закупка осуществляется в соответствии с 44 ФЗ. И закупка не относится к объектам ФКР (лот ФКР - lotFkrDto, процедура для соб. нужд объектов ФКР - fkrProcedureDto). И если закупка производится у единственного поставщика, то она должна осуществляться в соответствии с частью 12 статьи 93 (по пп. 4, 5 ч. 1 ст. 93), entity_id = 1000412, 1000512, соответственно. Исключение: право устанавливать преимущества для совместных закупок. 
17216;28.22.15.110;Автопогрузчики с вилочным захватом;Нет;По лоту должно предоставляться преимущество организации инвалидов. Правило: Закупка осуществляется в соответствии с 44 ФЗ. И закупка не относится к объектам ФКР (лот ФКР - lotFkrDto, процедура для соб. нужд объектов ФКР - fkrProcedureDto). И если закупка производится у единственного поставщика, то она должна осуществляться в соответствии с частью 12 статьи 93 (по пп. 4, 5 ч. 1 ст. 93), entity_id = 1000412, 1000512, соответственно. Исключение: право устанавливать преимущества для совместных закупок. 
17217;28.22.15.120;Погрузчики прочие;Да;По лоту должно предоставляться преимущество организации инвалидов. Правило: Закупка осуществляется в соответствии с 44 ФЗ. И закупка не относится к объектам ФКР (лот ФКР - lotFkrDto, процедура для соб. нужд объектов ФКР - fkrProcedureDto). И если закупка производится у единственного поставщика, то она должна осуществляться в соответствии с частью 12 статьи 93 (по пп. 4, 5 ч. 1 ст. 93), entity_id = 1000412, 1000512, соответственно. Исключение: право устанавливать преимущества для совместных закупок. 
1335433498;28.22.15.121;Электропогрузчики;Нет;По лоту должно предоставляться преимущество организации инвалидов. Правило: Закупка осуществляется в соответствии с 44 ФЗ. И закупка не относится к объектам ФКР (лот ФКР - lotFkrDto, процедура для соб. нужд объектов ФКР - fkrProcedureDto). И если закупка производится у единственного поставщика, то она должна осуществляться в соответствии с частью 12 статьи 93 (по пп. 4, 5 ч. 1 ст. 93), entity_id = 1000412, 1000512, соответственно. Исключение: право устанавливать преимущества для совместных закупок. 
1335433497;28.22.15.129;Погрузчики прочие, не включенные в другие группировки;Нет;По лоту должно предоставляться преимущество организации инвалидов. Правило: Закупка осуществляется в соответствии с 44 ФЗ. И закупка не относится к объектам ФКР (лот ФКР - lotFkrDto, процедура для соб. нужд объектов ФКР - fkrProcedureDto). И если закупка производится у единственного поставщика, то она должна осуществляться в соответствии с частью 12 статьи 93 (по пп. 4, 5 ч. 1 ст. 93), entity_id = 1000412, 1000512, соответственно. Исключение: право устанавливать преимущества для совместных закупок. 
12926;28.22.9;Услуги по производству подъемно-транспортного оборудования отдельные, выполняемые субподрядчиком;Да;По лоту должно предоставляться преимущество организации инвалидов. Правило: Закупка осуществляется в соответствии с 44 ФЗ. И закупка не относится к объектам ФКР (лот ФКР - lotFkrDto, процедура для соб. нужд объектов ФКР - fkrProcedureDto). И если закупка производится у единственного поставщика, то она должна осуществляться в соответствии с частью 12 статьи 93 (по пп. 4, 5 ч. 1 ст. 93), entity_id = 1000412, 1000512, соответственно. Исключение: право устанавливать преимущества для совместных закупок. 
13662;28.29.13;Фильтры масляные, бензиновые и всасывающие воздушные для двигателей внутреннего сгорания;Да;По лоту должно предоставляться преимущество организации инвалидов. Правило: Закупка осуществляется в соответствии с 44 ФЗ. И закупка не относится к объектам ФКР (лот ФКР - lotFkrDto, процедура для соб. нужд объектов ФКР - fkrProcedureDto). И если закупка производится у единственного поставщика, то она должна осуществляться в соответствии с частью 12 статьи 93 (по пп. 4, 5 ч. 1 ст. 93), entity_id = 1000412, 1000512, соответственно. Исключение: право устанавливать преимущества для совместных закупок. 
11690;29.31.1;Комплекты проводов системы зажигания и прочие комплекты проводов, используемые в наземных, воздушных или водных транспортных средствах;Да;По лоту должно предоставляться преимущество организации инвалидов. Правило: Закупка осуществляется в соответствии с 44 ФЗ. И закупка не относится к объектам ФКР (лот ФКР - lotFkrDto, процедура для соб. нужд объектов ФКР - fkrProcedureDto). И если закупка производится у единственного поставщика, то она должна осуществляться в соответствии с частью 12 статьи 93 (по пп. 4, 5 ч. 1 ст. 93), entity_id = 1000412, 1000512, соответственно. Исключение: право устанавливать преимущества для совместных закупок. 
11739;29.31.22;"Стартеры и стартер-генераторы; прочие генераторы, прочее оборудование";Да;По лоту должно предоставляться преимущество организации инвалидов. Правило: Закупка осуществляется в соответствии с 44 ФЗ. И закупка не относится к объектам ФКР (лот ФКР - lotFkrDto, процедура для соб. нужд объектов ФКР - fkrProcedureDto). И если закупка производится у единственного поставщика, то она должна осуществляться в соответствии с частью 12 статьи 93 (по пп. 4, 5 ч. 1 ст. 93), entity_id = 1000412, 1000512, соответственно. Исключение: право устанавливать преимущества для совместных закупок. 
911;29.31.23.120;Стеклоочистители, антиобледенители и антизапотеватели для транспортных средств и мотоциклов;Нет;По лоту должно предоставляться преимущество организации инвалидов. Правило: Закупка осуществляется в соответствии с 44 ФЗ. И закупка не относится к объектам ФКР (лот ФКР - lotFkrDto, процедура для соб. нужд объектов ФКР - fkrProcedureDto). И если закупка производится у единственного поставщика, то она должна осуществляться в соответствии с частью 12 статьи 93 (по пп. 4, 5 ч. 1 ст. 93), entity_id = 1000412, 1000512, соответственно. Исключение: право устанавливать преимущества для совместных закупок. 
8746;29.31.3;Части прочего электрического оборудования для автотранспортных средств и мотоциклов;Да;По лоту должно предоставляться преимущество организации инвалидов. Правило: Закупка осуществляется в соответствии с 44 ФЗ. И закупка не относится к объектам ФКР (лот ФКР - lotFkrDto, процедура для соб. нужд объектов ФКР - fkrProcedureDto). И если закупка производится у единственного поставщика, то она должна осуществляться в соответствии с частью 12 статьи 93 (по пп. 4, 5 ч. 1 ст. 93), entity_id = 1000412, 1000512, соответственно. Исключение: право устанавливать преимущества для совместных закупок. 
8748;29.31.9;Услуги по производству электрического и электронного оборудования отдельные, выполняемые субподрядчиком;Да;По лоту должно предоставляться преимущество организации инвалидов. Правило: Закупка осуществляется в соответствии с 44 ФЗ. И закупка не относится к объектам ФКР (лот ФКР - lotFkrDto, процедура для соб. нужд объектов ФКР - fkrProcedureDto). И если закупка производится у единственного поставщика, то она должна осуществляться в соответствии с частью 12 статьи 93 (по пп. 4, 5 ч. 1 ст. 93), entity_id = 1000412, 1000512, соответственно. Исключение: право устанавливать преимущества для совместных закупок. 
8751;29.32.1;Сиденья для автотранспортных средств;Да;По лоту должно предоставляться преимущество организации инвалидов. Правило: Закупка осуществляется в соответствии с 44 ФЗ. И закупка не относится к объектам ФКР (лот ФКР - lotFkrDto, процедура для соб. нужд объектов ФКР - fkrProcedureDto). И если закупка производится у единственного поставщика, то она должна осуществляться в соответствии с частью 12 статьи 93 (по пп. 4, 5 ч. 1 ст. 93), entity_id = 1000412, 1000512, соответственно. Исключение: право устанавливать преимущества для совместных закупок. 
8799;29.32.20;Ремни безопасности, подушки безопасности, их части и принадлежности кузовов;Да;По лоту должно предоставляться преимущество организации инвалидов. Правило: Закупка осуществляется в соответствии с 44 ФЗ. И закупка не относится к объектам ФКР (лот ФКР - lotFkrDto, процедура для соб. нужд объектов ФКР - fkrProcedureDto). И если закупка производится у единственного поставщика, то она должна осуществляться в соответствии с частью 12 статьи 93 (по пп. 4, 5 ч. 1 ст. 93), entity_id = 1000412, 1000512, соответственно. Исключение: право устанавливать преимущества для совместных закупок. 
14818;29.32.9;"Услуги по сборке частей и принадлежностей для автотранспортных средств, не включенные в другие группировки; услуги по сборке полных конструктивных комплектов для автотранспортных средств в процессе производства; отдельные операции процесса производ";Да;По лоту должно предоставляться преимущество организации инвалидов. Правило: Закупка осуществляется в соответствии с 44 ФЗ. И закупка не относится к объектам ФКР (лот ФКР - lotFkrDto, процедура для соб. нужд объектов ФКР - fkrProcedureDto). И если закупка производится у единственного поставщика, то она должна осуществляться в соответствии с частью 12 статьи 93 (по пп. 4, 5 ч. 1 ст. 93), entity_id = 1000412, 1000512, соответственно. Исключение: право устанавливать преимущества для совместных закупок. 
11916;31.01.1;Мебель для офисов и предприятий торговли;Да;По лоту должно предоставляться преимущество организации инвалидов. Правило: Закупка осуществляется в соответствии с 44 ФЗ. И закупка не относится к объектам ФКР (лот ФКР - lotFkrDto, процедура для соб. нужд объектов ФКР - fkrProcedureDto). И если закупка производится у единственного поставщика, то она должна осуществляться в соответствии с частью 12 статьи 93 (по пп. 4, 5 ч. 1 ст. 93), entity_id = 1000412, 1000512, соответственно. Исключение: право устанавливать преимущества для совместных закупок. 
11977;31.03.9;Услуги по производству матрасов отдельные, выполняемые субподрядчиком;Да;По лоту должно предоставляться преимущество организации инвалидов. Правило: Закупка осуществляется в соответствии с 44 ФЗ. И закупка не относится к объектам ФКР (лот ФКР - lotFkrDto, процедура для соб. нужд объектов ФКР - fkrProcedureDto). И если закупка производится у единственного поставщика, то она должна осуществляться в соответствии с частью 12 статьи 93 (по пп. 4, 5 ч. 1 ст. 93), entity_id = 1000412, 1000512, соответственно. Исключение: право устанавливать преимущества для совместных закупок. 
11985;31.09.9;"Услуги по отделке новой мебели; услуги по обивке стульев и мебели для сидения, услуги производства прочей мебели";Да;По лоту должно предоставляться преимущество организации инвалидов. Правило: Закупка осуществляется в соответствии с 44 ФЗ. И закупка не относится к объектам ФКР (лот ФКР - lotFkrDto, процедура для соб. нужд объектов ФКР - fkrProcedureDto). И если закупка производится у единственного поставщика, то она должна осуществляться в соответствии с частью 12 статьи 93 (по пп. 4, 5 ч. 1 ст. 93), entity_id = 1000412, 1000512, соответственно. Исключение: право устанавливать преимущества для совместных закупок. 
13256;32.40;Игры и игрушки;Да;По лоту должно предоставляться преимущество организации инвалидов. Правило: Закупка осуществляется в соответствии с 44 ФЗ. И закупка не относится к объектам ФКР (лот ФКР - lotFkrDto, процедура для соб. нужд объектов ФКР - fkrProcedureDto). И если закупка производится у единственного поставщика, то она должна осуществляться в соответствии с частью 12 статьи 93 (по пп. 4, 5 ч. 1 ст. 93), entity_id = 1000412, 1000512, соответственно. Исключение: право устанавливать преимущества для совместных закупок. 
6125;32.50.50;Изделия медицинские, в том числе хирургические, прочие;Да;По лоту должно предоставляться преимущество организации инвалидов. Правило: Закупка осуществляется в соответствии с 44 ФЗ. И закупка не относится к объектам ФКР (лот ФКР - lotFkrDto, процедура для соб. нужд объектов ФКР - fkrProcedureDto). И если закупка производится у единственного поставщика, то она должна осуществляться в соответствии с частью 12 статьи 93 (по пп. 4, 5 ч. 1 ст. 93), entity_id = 1000412, 1000512, соответственно. Исключение: право устанавливать преимущества для совместных закупок. 
6131;32.91.11;Метлы и щетки для домашней уборки;Да;По лоту должно предоставляться преимущество организации инвалидов. Правило: Закупка осуществляется в соответствии с 44 ФЗ. И закупка не относится к объектам ФКР (лот ФКР - lotFkrDto, процедура для соб. нужд объектов ФКР - fkrProcedureDto). И если закупка производится у единственного поставщика, то она должна осуществляться в соответствии с частью 12 статьи 93 (по пп. 4, 5 ч. 1 ст. 93), entity_id = 1000412, 1000512, соответственно. Исключение: право устанавливать преимущества для совместных закупок. 
6132;32.91.12;"Зубные щетки, щетки для волос и прочие туалетные щетки для ухода за внешностью; художественные кисти, кисточки для письма, косметические кисточки";Да;По лоту должно предоставляться преимущество организации инвалидов. Правило: Закупка осуществляется в соответствии с 44 ФЗ. И закупка не относится к объектам ФКР (лот ФКР - lotFkrDto, процедура для соб. нужд объектов ФКР - fkrProcedureDto). И если закупка производится у единственного поставщика, то она должна осуществляться в соответствии с частью 12 статьи 93 (по пп. 4, 5 ч. 1 ст. 93), entity_id = 1000412, 1000512, соответственно. Исключение: право устанавливать преимущества для совместных закупок. 
6133;32.91.19;Щетки прочие, не включенные в другие группировки;Да;По лоту должно предоставляться преимущество организации инвалидов. Правило: Закупка осуществляется в соответствии с 44 ФЗ. И закупка не относится к объектам ФКР (лот ФКР - lotFkrDto, процедура для соб. нужд объектов ФКР - fkrProcedureDto). И если закупка производится у единственного поставщика, то она должна осуществляться в соответствии с частью 12 статьи 93 (по пп. 4, 5 ч. 1 ст. 93), entity_id = 1000412, 1000512, соответственно. Исключение: право устанавливать преимущества для совместных закупок. 
7125;32.99.52;"Расчески, гребни для волос и аналогичные изделия; шпильки для волос; зажимы для завивки, бигуди; пульверизаторы для духов и их насадки и головки";Да;По лоту должно предоставляться преимущество организации инвалидов. Правило: Закупка осуществляется в соответствии с 44 ФЗ. И закупка не относится к объектам ФКР (лот ФКР - lotFkrDto, процедура для соб. нужд объектов ФКР - fkrProcedureDto). И если закупка производится у единственного поставщика, то она должна осуществляться в соответствии с частью 12 статьи 93 (по пп. 4, 5 ч. 1 ст. 93), entity_id = 1000412, 1000512, соответственно. Исключение: право устанавливать преимущества для совместных закупок. 
13167;55.10;Услуги гостиниц и аналогичные услуги по предоставлению временного жилья;Да;По лоту должно предоставляться преимущество организации инвалидов. Правило: Закупка осуществляется в соответствии с 44 ФЗ. И закупка не относится к объектам ФКР (лот ФКР - lotFkrDto, процедура для соб. нужд объектов ФКР - fkrProcedureDto). И если закупка производится у единственного поставщика, то она должна осуществляться в соответствии с частью 12 статьи 93 (по пп. 4, 5 ч. 1 ст. 93), entity_id = 1000412, 1000512, соответственно. Исключение: право устанавливать преимущества для совместных закупок. 
13171;55.20.1;Услуги по предоставлению временного жилья в местах отдыха и прочих местах для краткосрочного проживания;Да;По лоту должно предоставляться преимущество организации инвалидов. Правило: Закупка осуществляется в соответствии с 44 ФЗ. И закупка не относится к объектам ФКР (лот ФКР - lotFkrDto, процедура для соб. нужд объектов ФКР - fkrProcedureDto). И если закупка производится у единственного поставщика, то она должна осуществляться в соответствии с частью 12 статьи 93 (по пп. 4, 5 ч. 1 ст. 93), entity_id = 1000412, 1000512, соответственно. Исключение: право устанавливать преимущества для совместных закупок. 
13588;55.90.1;Услуги по предоставлению временного жилья прочие;Да;По лоту должно предоставляться преимущество организации инвалидов. Правило: Закупка осуществляется в соответствии с 44 ФЗ. И закупка не относится к объектам ФКР (лот ФКР - lotFkrDto, процедура для соб. нужд объектов ФКР - fkrProcedureDto). И если закупка производится у единственного поставщика, то она должна осуществляться в соответствии с частью 12 статьи 93 (по пп. 4, 5 ч. 1 ст. 93), entity_id = 1000412, 1000512, соответственно. Исключение: право устанавливать преимущества для совместных закупок. 
13782;58.1;Услуги по изданию книг, периодических изданий и прочие издательские услуги;Да;По лоту должно предоставляться преимущество организации инвалидов. Правило: Закупка осуществляется в соответствии с 44 ФЗ. И закупка не относится к объектам ФКР (лот ФКР - lotFkrDto, процедура для соб. нужд объектов ФКР - fkrProcedureDto). И если закупка производится у единственного поставщика, то она должна осуществляться в соответствии с частью 12 статьи 93 (по пп. 4, 5 ч. 1 ст. 93), entity_id = 1000412, 1000512, соответственно. Исключение: право устанавливать преимущества для совместных закупок. 
10326;74.3;Услуги по письменному и устному переводу;Да;По лоту должно предоставляться преимущество организации инвалидов. Правило: Закупка осуществляется в соответствии с 44 ФЗ. И закупка не относится к объектам ФКР (лот ФКР - lotFkrDto, процедура для соб. нужд объектов ФКР - fkrProcedureDto). И если закупка производится у единственного поставщика, то она должна осуществляться в соответствии с частью 12 статьи 93 (по пп. 4, 5 ч. 1 ст. 93), entity_id = 1000412, 1000512, соответственно. Исключение: право устанавливать преимущества для совместных закупок. 
6976;86.90.1;Услуги в области медицины прочие;Да;По лоту должно предоставляться преимущество организации инвалидов. Правило: Закупка осуществляется в соответствии с 44 ФЗ. И закупка не относится к объектам ФКР (лот ФКР - lotFkrDto, процедура для соб. нужд объектов ФКР - fkrProcedureDto). И если закупка производится у единственного поставщика, то она должна осуществляться в соответствии с частью 12 статьи 93 (по пп. 4, 5 ч. 1 ст. 93), entity_id = 1000412, 1000512, соответственно. Исключение: право устанавливать преимущества для совместных закупок. 
14360;93.11.10;Услуги спортивных объектов;Да;По лоту должно предоставляться преимущество организации инвалидов. Правило: Закупка осуществляется в соответствии с 44 ФЗ. И закупка не относится к объектам ФКР (лот ФКР - lotFkrDto, процедура для соб. нужд объектов ФКР - fkrProcedureDto). И если закупка производится у единственного поставщика, то она должна осуществляться в соответствии с частью 12 статьи 93 (по пп. 4, 5 ч. 1 ст. 93), entity_id = 1000412, 1000512, соответственно. Исключение: право устанавливать преимущества для совместных закупок. 
